sector,published_name,published_parent,catalogue_rows,catalogue_parents,declared_nace_rows,declared_nace_codes,nace_version,reviewed_nace_scope,parent_for_reviewed_scope,status,reason,source_url,gtap_bridge_url
AGT,Manufacture of artificial graphite,NMM,84;106,CHM;NMM,86;86,20.0,Rev. 2,23.99,NMM,concordance_correction,Artificial graphite CPA 23.99.14. Published parent is appropriate; competing CHM catalogue/NACE entries are inconsistent. Electrical graphite articles need separate scope.,https://eur-lex.europa.eu/legal-content/EN/TXT/?uri=CELEX%3A32022R2552,https://www.gtap.agecon.purdue.edu/databases/contribute/concordinfo.asp
APP,Manufacture of primary aluminum,NFM,117,NFM,122,24.0,Rev. 2,,,no_targeted_class_level_determination,Recorded source concordance; absence of a targeted finding is not full scope certification.,,
APS,Manufacture of secondary aluminum,NFM,118,NFM,123,24.0,Rev. 2,,,no_targeted_class_level_determination,Recorded source concordance; absence of a targeted finding is not full scope certification.,,
BVH,Manufacture of heavy duty BEV,MVH,143,MVH,152;153,29.0;30.0,Rev. 2,,,no_targeted_class_level_determination,Recorded source concordance; absence of a targeted finding is not full scope certification.,,
BVL,Manufacture of light duty BEV,OTP,146,MVH,158;159,29.0;30.0,Rev. 2,29.10,MVH,parent_correction,Light-duty motor vehicle manufacture. Remove unrelated division 30 from its NACE scope.,https://sfc.ec.europa.eu/system/files/documents/sfc2007/2022-10/nace-rev-2.pdf,https://www.gtap.agecon.purdue.edu/databases/contribute/concordinfo.asp
CEM,Manufacture of traditional cement,NMM,104,NMM,110,23.0,Rev. 2,,,no_targeted_class_level_determination,Recorded source concordance; absence of a targeted finding is not full scope certification.,,
CHR,Mining of chromium,OXT,51,OXT,50,07,Rev. 2,,,no_targeted_class_level_determination,Recorded source concordance; absence of a targeted finding is not full scope certification.,,
COB,Mining of cobalt ores and concentrates,OXT,49,OXT,48,07,Rev. 2,,,no_targeted_class_level_determination,Recorded source concordance; absence of a targeted finding is not full scope certification.,,
COR,Manufacture of refined cobalt,CHM,89,CHM,91,20.0,Rev. 2,20.12,CHM,scope_name_correction,Trade scope is cobalt oxides/hydroxides HS 282200; not refined cobalt metal.,https://eur-lex.europa.eu/legal-content/EN/TXT/?uri=CELEX%3A32022R2552,https://www.gtap.agecon.purdue.edu/databases/contribute/concordinfo.asp
CPP,Manufacture of primary copper,NFM,120,NFM,128,24.0,Rev. 2,,,no_targeted_class_level_determination,Recorded source concordance; absence of a targeted finding is not full scope certification.,,
CPS,Manufacture of secondary copper,NFM,121,NFM,129,24.0,Rev. 2,,,no_targeted_class_level_determination,Recorded source concordance; absence of a targeted finding is not full scope certification.,,
CRR,Manufacture of refined chromium,CHM,91,CHM,93,20.0,Rev. 2,20.12;20.13,CHM,scope_name_correction,Trade covers chromium oxides and chromates. Both map to CHM; class detail should retain product distinctions.,https://eur-lex.europa.eu/legal-content/EN/TXT/?uri=CELEX%3A32022R2552,https://www.gtap.agecon.purdue.edu/databases/contribute/concordinfo.asp
GAR,Manufacture of refined gallium,CHM,93,CHM,95,20.0,Rev. 2,24.45,NFM,parent_and_source_correction,Gallium metal/unwrought scope -> NFM. HS 811292 is a multi-metal product basket; current CHM and chemical EXIO proxy do not follow that scope.,https://sfc.ec.europa.eu/system/files/documents/sfc2007/2022-10/nace-rev-2.pdf,https://www.gtap.agecon.purdue.edu/databases/contribute/concordinfo.asp
GRA,Mining of natural graphite,OXT,60,OXT,59,08,Rev. 2,,,no_targeted_class_level_determination,Recorded source concordance; absence of a targeted finding is not full scope certification.,,
HEL,Manufacture of light duty HEV,MVH,145,MVH,156;157,29.0;30.0,Rev. 2,,,no_targeted_class_level_determination,Recorded source concordance; absence of a targeted finding is not full scope certification.,,
HVC,Manufacture of high value chemicals,CHM,83,CHM,85,20.0,Rev. 2,,,no_targeted_class_level_determination,Recorded source concordance; absence of a targeted finding is not full scope certification.,,
HYE,Manufacture of hydrogen via electrolysis,CHM,80,CHM,82,20.0,Rev. 2,,,no_targeted_class_level_determination,Recorded source concordance; absence of a targeted finding is not full scope certification.,,
ICH,Manufacture of heavy duty ICEV,MVH,142,MVH,150;151,29.0;30.0,Rev. 2,,,no_targeted_class_level_determination,Recorded source concordance; absence of a targeted finding is not full scope certification.,,
ICL,Manufacture of light duty ICEV,MVH,144,MVH,154;155,29.0;30.0,Rev. 2,,,no_targeted_class_level_determination,Recorded source concordance; absence of a targeted finding is not full scope certification.,,
ISS,Manufacture of secondary iron and steel,I_S,113,I_S,119,24.0,Rev. 2,,,no_targeted_class_level_determination,Recorded source concordance; absence of a targeted finding is not full scope certification.,,
KFR,Manufacture of potassium fertilizer,CHM,98,CHM,99,20.0,Rev. 2,,,no_targeted_class_level_determination,Recorded source concordance; absence of a targeted finding is not full scope certification.,,
LCO,Manufacture of LCO batteries,EEQ,134,EEQ,,,Rev. 2,,,no_targeted_class_level_determination,Recorded source concordance; absence of a targeted finding is not full scope certification.,,
LFP,Manufacture of LFP batteries,EEQ,133,EEQ,144,27.0,Rev. 2,,,no_targeted_class_level_determination,Recorded source concordance; absence of a targeted finding is not full scope certification.,,
LIR,Manufacture of refined lithium,CHM,85,CHM,87,20.0,Rev. 2,20,CHM,scope_name_correction,"Trade identifies lithium oxide/hydroxide and carbonate, not a generic refined-metal activity; refine class codes with the versioned product concordance.",https://eur-lex.europa.eu/legal-content/EN/TXT/?uri=CELEX%3A32022R2552,https://www.gtap.agecon.purdue.edu/databases/contribute/concordinfo.asp
LIT,Mining of lithium,OXT,61,OXT,60,08,Rev. 2,,,no_targeted_class_level_determination,Recorded source concordance; absence of a targeted finding is not full scope certification.,,
LMO,Manufacture of LMO batteries,EEQ,135,EEQ,,,Rev. 2,,,no_targeted_class_level_determination,Recorded source concordance; absence of a targeted finding is not full scope certification.,,
MAN,Mining of manganese ores and concentrates,OXT,47,OXT,46,07,Rev. 2,,,no_targeted_class_level_determination,Recorded source concordance; absence of a targeted finding is not full scope certification.,,
MAO,Mining of aluminum ores,OXT,57,OXT,56,07,Rev. 2,,,no_targeted_class_level_determination,Recorded source concordance; absence of a targeted finding is not full scope certification.,,
MCU,Mining of copper ores,OXT,58,OXT,57,07,Rev. 2,,,no_targeted_class_level_determination,Recorded source concordance; absence of a targeted finding is not full scope certification.,,
MGC,"Mining of natural magnesium carbonate ""magnesite""+magnesia, fused or dead-burned (sintered)",OXT,62,OXT,63,08,Rev. 2,08.99,OXT,alias_resolution,PRODCOM 08.99.29.13/.14/.15 includes magnesite and sintered/fused magnesia. Duplicate name variants have the same parent; retain one identity and separate aliases.,https://eur-lex.europa.eu/legal-content/EN/TXT/?uri=CELEX%3A32022R2552,https://www.gtap.agecon.purdue.edu/databases/contribute/concordinfo.asp
MIO,Mining of iron ores,OXT,56,OXT,55,07,Rev. 2,,,no_targeted_class_level_determination,Recorded source concordance; absence of a targeted finding is not full scope certification.,,
MNR,Manufacture of refined manganese,CHM,87,CHM,89,20.0,Rev. 2,20.12,CHM,scope_name_correction,Trade scope is manganese oxides HS 282010/282090; not refined manganese metal.,https://eur-lex.europa.eu/legal-content/EN/TXT/?uri=CELEX%3A32022R2552,https://www.gtap.agecon.purdue.edu/databases/contribute/concordinfo.asp
MSI,Manufacture of metallurgical silicon,OXT,95,CHM,100,20.0,Rev. 2,20.13,CHM,parent_correction,Silicon HS 280469 / PRODCOM 20.13.21.70; not mining and not ferro-silicon.,https://eur-lex.europa.eu/legal-content/EN/TXT/?uri=CELEX%3A32022R2552,https://www.gtap.agecon.purdue.edu/databases/contribute/concordinfo.asp
MTH,Manufacture of methanol,CHM,82,CHM,84,20.0,Rev. 2,,,no_targeted_class_level_determination,Recorded source concordance; absence of a targeted finding is not full scope certification.,,
MUN,"Manufacture of magnesium: unwrought, articles",NFM,123,NFM,134,24.0,Rev. 2,24.45,NFM,duplicate_file_review,Unwrought magnesium -> NFM. Two files are one sector; broader articles/scrap trade coverage needs its own scope review.,https://sfc.ec.europa.eu/system/files/documents/sfc2007/2022-10/nace-rev-2.pdf,https://www.gtap.agecon.purdue.edu/databases/contribute/concordinfo.asp
MUR,Mining of uranium,OXT,59,OXT,58,07,Rev. 2,,,no_targeted_class_level_determination,Recorded source concordance; absence of a targeted finding is not full scope certification.,,
NCA,Manufacture of NCA batteries,EEQ,132,EEQ,143,27.0,Rev. 2,,,no_targeted_class_level_determination,Recorded source concordance; absence of a targeted finding is not full scope certification.,,
NCM,Manufacture of NCM batteries,EEQ,131,EEQ,142,27.0,Rev. 2,27.20,EEQ,legacy_identity_review,Classification uses NCM. Resolve the separate published NMC record before selecting an active inventory.,https://sfc.ec.europa.eu/system/files/documents/sfc2007/2022-10/nace-rev-2.pdf,https://www.gtap.agecon.purdue.edu/databases/contribute/concordinfo.asp
NFR,Manufacture of nitrogen fertilizer,CHM,96,CHM,97,20.0,Rev. 2,,,no_targeted_class_level_determination,Recorded source concordance; absence of a targeted finding is not full scope certification.,,
NIK,Mining of nickel ores and concentrates,OXT,48,OXT,47,07,Rev. 2,,,no_targeted_class_level_determination,Recorded source concordance; absence of a targeted finding is not full scope certification.,,
NIO,Mining of niobium,OXT,54,OXT,53,07,Rev. 2,,,no_targeted_class_level_determination,Recorded source concordance; absence of a targeted finding is not full scope certification.,,
NIR,Manufacture of refined nickel,CHM,88,CHM,90,20.0,Rev. 2,20.12;20.13,CHM,scope_name_correction,"Nickel oxides/hydroxides and chlorides; chemical intermediates, not nickel metal.",https://eur-lex.europa.eu/legal-content/EN/TXT/?uri=CELEX%3A32022R2552,https://www.gtap.agecon.purdue.edu/databases/contribute/concordinfo.asp
NMC,Manufacture of NMC batteries,OME,,,,,Rev. 2,27.20,EEQ,legacy_identity_review,"Published NMC has OME parent. Battery scope implies EEQ; NMC/NCM have different numerical profiles, so no automatic merge or deletion.",https://sfc.ec.europa.eu/system/files/documents/sfc2007/2022-10/nace-rev-2.pdf,https://www.gtap.agecon.purdue.edu/databases/contribute/concordinfo.asp
PCP,Manufacture of coke,P_C,77,P_C,80,19.0,Rev. 2,19.10,P_C,alias_resolution,Coke manufacture. Broader coal-products input label must not create a second sector; GTAPCE source aliases PEP and PCP need context-specific mapping.,https://sfc.ec.europa.eu/system/files/documents/sfc2007/2022-10/nace-rev-2.pdf,https://www.gtap.agecon.purdue.edu/databases/contribute/concordinfo.asp
PFR,Manufacture of phosphorus fertilizer,CHM,97,CHM,98,20.0,Rev. 2,,,no_targeted_class_level_determination,Recorded source concordance; absence of a targeted finding is not full scope certification.,,
PGM,Mining of plantinum group metals,OXT,55,OXT,54,07,Rev. 2,,,no_targeted_class_level_determination,Recorded source concordance; absence of a targeted finding is not full scope certification.,,
PGR,Manufacture of semi-manufactured platinum group metals,NFM,124,NFM,135,24.0,Rev. 2,,,no_targeted_class_level_determination,Recorded source concordance; absence of a targeted finding is not full scope certification.,,
PLP,Manufacture of primary plastic products,RPP,101,RPP,104,22.0,Rev. 2,22 or 20.16,RPP or CHM,scope_review,Finished plastic products -> RPP; primary-form polymers/resins -> CHM. The word primary does not establish which product is produced.,https://sfc.ec.europa.eu/system/files/documents/sfc2007/2022-10/nace-rev-2.pdf,https://www.gtap.agecon.purdue.edu/databases/contribute/concordinfo.asp
PLR,Recycling of plastics,RPP,103,RPP,106;107;108;109,36.0;37.0;38.0;39.0,Rev. 2,38.32,WTR,conditional_parent_correction,"For materials recovery, the NACE-defined parent is WTR. Current RPP and HS scrap-product mapping do not establish recovery activity scope. Recheck production/cost/trade alignment.",https://sfc.ec.europa.eu/system/files/documents/sfc2007/2022-10/nace-rev-2.pdf,https://www.gtap.agecon.purdue.edu/databases/contribute/concordinfo.asp
PLSR,Manufacture of secondary plastic products,RPP,,,,,Rev. 2,22 or 38.32,RPP or WTR,scope_and_alias_review,Likely legacy code for catalogue PLS. Finished plastic products -> RPP; materials recovery -> WTR. Do not infer activity or withdrawal from the missing code alone.,https://sfc.ec.europa.eu/system/files/documents/sfc2007/2022-10/nace-rev-2.pdf,https://www.gtap.agecon.purdue.edu/databases/contribute/concordinfo.asp
RAL,Recycling of aluminum,NFM,119,NFM,124;125;126;127,36.0;37.0;38.0;39.0,Rev. 2,38.32 or 24.42,WTR or NFM,scope_review,Materials recovery -> WTR; smelting/refining secondary aluminium -> NFM. Keep recovery separate from APS and avoid double counting.,https://sfc.ec.europa.eu/system/files/documents/sfc2007/2022-10/nace-rev-2.pdf,https://www.gtap.agecon.purdue.edu/databases/contribute/concordinfo.asp
RBR,Manufacture of rubber products,RPP,100,RPP,103,22.0,Rev. 2,,,no_targeted_class_level_determination,Recorded source concordance; absence of a targeted finding is not full scope certification.,,
RCP,Recycling of copper,NFM,122,NFM,130;131;132;133,36.0;37.0;38.0;39.0,Rev. 2,38.32 or 24.44,WTR or NFM,scope_review,Materials recovery -> WTR; smelting/refining secondary copper -> NFM. Keep recovery separate from CPS.,https://sfc.ec.europa.eu/system/files/documents/sfc2007/2022-10/nace-rev-2.pdf,https://www.gtap.agecon.purdue.edu/databases/contribute/concordinfo.asp
REE,Mining of rare earth elements,OXT,46,OXT,45,07,Rev. 2,,,no_targeted_class_level_determination,Recorded source concordance; absence of a targeted finding is not full scope certification.,,
RER,Manufacture of refined rare earths,CHM,86,CHM,88,20.0,Rev. 2,20;24.45,CHM or NFM,scope_review,HS concordance combines rare-earth elements and compounds. Distinguish basic metals from chemical products before a categorical activity assignment.,https://sfc.ec.europa.eu/system/files/documents/sfc2007/2022-10/nace-rev-2.pdf,https://www.gtap.agecon.purdue.edu/databases/contribute/concordinfo.asp
SCI,Manufacture of steel via BF-BOF with coke injection,I_S,108,I_S,113,24.0,Rev. 2,,,no_targeted_class_level_determination,Recorded source concordance; absence of a targeted finding is not full scope certification.,,
SDG,Manufacture of steel via direct reduction with natural gas,I_S,111,I_S,116,24.0,Rev. 2,,,no_targeted_class_level_determination,Recorded source concordance; absence of a targeted finding is not full scope certification.,,
SDH,Manufacture of steel via direct reduction with hydrogen,I_S,112,I_S,117,24.0,Rev. 2,,,no_targeted_class_level_determination,Recorded source concordance; absence of a targeted finding is not full scope certification.,,
SIL,Mining of silver,OXT,53,OXT,52,07,Rev. 2,,,no_targeted_class_level_determination,Recorded source concordance; absence of a targeted finding is not full scope certification.,,
SIR,Manufacture of refined silver,NFM,125,NFM,136,24.0,Rev. 2,,,no_targeted_class_level_determination,Recorded source concordance; absence of a targeted finding is not full scope certification.,,
SOP,Manufacture of solar panels,EEQ,129,ELE,140,26.0,Rev. 2,26.11,ELE,parent_correction,Photovoltaic cells/modules HS 854143; electrical installation and solar-thermal equipment are different activities.,https://eur-lex.europa.eu/legal-content/EN/TXT/?uri=CELEX%3A32022R2552,https://www.gtap.agecon.purdue.edu/databases/contribute/concordinfo.asp
TIR,Manufacture of refined titanium,CHM,92,CHM,94,20.0,Rev. 2,20.12,CHM,scope_name_correction,Trade scope is titanium oxides HS 282300; not basic titanium metal.,https://eur-lex.europa.eu/legal-content/EN/TXT/?uri=CELEX%3A32022R2552,https://www.gtap.agecon.purdue.edu/databases/contribute/concordinfo.asp
TIT,Mining of titanium,OXT,52,OXT,51,07,Rev. 2,,,no_targeted_class_level_determination,Recorded source concordance; absence of a targeted finding is not full scope certification.,,
TVP,Transport via pipeline service,OTP,167,OTP,183,49.0,Rev. 2,,,no_targeted_class_level_determination,Recorded source concordance; absence of a targeted finding is not full scope certification.,,
WNT,Manufacture of wind turbines,EEQ,136;139,EEQ,146,28.0,Rev. 2,28.11 or 27.11,OME or EEQ,scope_review,Turbines/turbine-generator sets -> OME; separate electrical generators -> EEQ. Catalogue repeats WNT with these different names; trade and inventory scopes must be separated.,https://sfc.ec.europa.eu/system/files/documents/sfc2007/2022-10/nace-rev-2.pdf,https://www.gtap.agecon.purdue.edu/databases/contribute/concordinfo.asp
ZIN,Mining of zinc,OXT,50,OXT,49,07,Rev. 2,,,no_targeted_class_level_determination,Recorded source concordance; absence of a targeted finding is not full scope certification.,,
ZIR,Manufacture of refined zinc,CHM,90,CHM,92,20.0,Rev. 2,20.12,CHM,scope_name_correction,"Trade scope is zinc oxide/peroxide HS 281700 / CPA 20.12.11, not refined zinc metal (24.43 -> NFM). Parent CHM is consistent with the chemical scope.",https://eur-lex.europa.eu/legal-content/EN/TXT/?uri=CELEX%3A32022R2552,https://www.gtap.agecon.purdue.edu/databases/contribute/concordinfo.asp
